Model,Architecture,Activation,LR,Params,Train Acc,Test Acc
MLP_wide,60-128-64-1,ReLU,0.001,16129,1.0,0.9047619104385376
MLP v1,60-64-32-1,ReLU (Sigmoid output),0.001,6017,1.0,0.9047619104385376
MLP_medium_1layer,60-64-1,ReLU,0.001,3969,1.0,0.8809523582458496
MLP_small_1layer,60-16-1,ReLU,0.001,993,1.0,0.8809523582458496
MLP_small_1layer,60-16-1,ReLU,0.001,993,1.0,0.8809523582458496
MLP_sigmoid_hidden,60-64-32-1,Sigmoid,0.001,6017,0.9638554453849792,0.8571428656578064
Linear,60-1,sigmoid,0.01,61,0.9337349534034729,0.8333333134651184
